data,ibov_close,High,Low,Open,Volume,ibov_return,valor,btg_close,btg_return
2025-01-02,120125.0,120782.0,119120.0,120283.0,9373600,,12.25,25.848434448242188,
2025-01-03,118533.0,120356.0,118404.0,120125.0,9804400,-0.01325286160249739,12.25,25.485980987548828,-0.014022259700838813
2025-01-06,120022.0,120322.0,118534.0,118534.0,9685600,0.012561902592526986,12.25,26.42438507080078,0.03682040270336895
2025-01-07,121163.0,121713.0,120022.0,120022.0,11116400,0.009506590458415953,12.25,26.894365310668945,0.01778585343079553
2025-01-08,119625.0,121160.0,119351.0,121160.0,10230700,-0.012693644099271206,12.25,26.779268264770508,-0.0042795970296714
2025-01-09,119781.0,120145.0,119502.0,119625.0,6611500,0.0013040752351096696,12.25,27.43148422241211,0.024355256879801557
2025-01-10,118856.0,120052.0,118732.0,119781.0,9255500,-0.007722426762174273,12.25,26.597028732299805,-0.03041962597964487
2025-01-13,119007.0,119729.0,118743.0,118856.0,8161500,0.0012704449081242242,12.25,27.162925720214844,0.021276699499437113
2025-01-14,119299.0,119451.0,118223.0,119007.0,9349300,0.0024536371810062185,12.25,27.354753494262695,0.007062117535634016
2025-01-15,122650.0,122988.0,119303.0,119309.0,11928800,0.02808908708371405,12.25,28.92774772644043,0.057503506017981376
2025-01-16,121234.0,122660.0,120796.0,122649.0,11312100,-0.011545046881369703,12.25,28.89897346496582,-0.000994694151328912
2025-01-17,122350.0,122674.0,121074.0,121258.0,10242300,0.009205338436412136,12.25,28.822242736816406,-0.0026551368076251913
2025-01-20,122543.0,123098.0,121511.0,122349.0,4185300,0.0015774417654270678,12.25,28.98529624938965,0.00565721113593165
2025-01-21,123338.0,123462.0,122290.0,122850.0,7819600,0.0064875186669168805,12.25,29.157941818237305,0.00595631548362352
2025-01-22,122972.0,123865.0,122926.0,123345.0,9975100,-0.0029674552854757064,12.25,29.627920150756836,0.016118364439069444
2025-01-23,122483.0,123958.0,122159.0,122965.0,9491400,-0.00397651497901963,12.25,29.656696319580078,0.0009712517340676463
2025-01-24,122447.0,122908.0,122196.0,122483.0,7777800,-0.00029391833968794856,12.25,29.723834991455078,0.002263862135940986
2025-01-27,124862.0,124862.0,122207.0,122443.0,11021500,0.019722818852238033,12.25,30.366464614868164,0.021620010459546313
2025-01-28,124056.0,124881.0,123973.0,124861.0,8313500,-0.006455126459611438,12.25,30.126676559448242,-0.007896475880913578
2025-01-29,123432.0,124767.0,123278.0,124056.0,7348500,-0.005029986457728786,12.25,29.954030990600586,-0.005730654309212602
2025-01-30,126913.0,127169.0,123432.0,123433.0,11688100,0.028201762913993234,13.25,30.74052619934082,0.02625674016919577
2025-01-31,126135.0,127532.0,126057.0,126914.0,10242600,-0.0061301836691276534,13.25,31.239282608032227,0.016224719299115398
2025-02-03,125970.0,126473.0,125566.0,126135.0,9548900,-0.0013081222499702339,13.25,30.692569732666016,-0.017500814030397716
2025-02-04,125147.0,125964.0,124694.0,125964.0,9784500,-0.006533301579741191,13.25,30.328096389770508,-0.011874969938004187
2025-02-05,125534.0,125846.0,124637.0,125146.0,9957400,0.0030923633806643203,13.25,30.404827117919922,0.002530021243776215
2025-02-06,126225.0,126399.0,125249.0,125531.0,10028600,0.005504484840760382,13.25,30.788482666015625,0.012618244682259139
2025-02-07,124619.0,126524.0,124320.0,126219.0,10952400,-0.01272331154684092,13.25,30.807666778564453,0.0006230937963696004
2025-02-10,125572.0,126386.0,124619.0,124619.0,8908600,0.007647308997825286,13.25,30.260953903198242,-0.017746000672358764
2025-02-11,126522.0,126886.0,125570.0,125571.0,11242800,0.007565380817379674,13.25,30.999496459960938,0.024405792333090925
2025-02-12,124380.0,126513.0,124116.0,126513.0,14625100,-0.016929862000284568,13.25,30.41442108154297,-0.018873705873695523
2025-02-13,124850.0,124853.0,123778.0,124372.0,9048100,0.003778742563113058,13.25,30.318506240844727,-0.0031535974477728823
2025-02-14,128219.0,128482.0,124849.0,124849.0,12560100,0.026984381257509016,13.25,31.690080642700195,0.04523885151068896
2025-02-17,128869.0,129534.0,128229.0,128229.0,7032800,0.005069451485349319,13.25,32.0545539855957,0.011501180669272415
2025-02-18,128532.0,129294.0,128012.0,128553.0,10994100,-0.0026150587030240313,13.25,32.15046691894531,0.0029921780659531994
2025-02-19,127309.0,128528.0,127028.0,128528.0,9295100,-0.00951514019854982,13.25,31.5366153717041,-0.019093083431378943
2025-02-20,127601.0,127871.0,127063.0,127309.0,10640300,0.002293632029157333,13.25,31.9394588470459,0.012773833545347557
2025-02-21,127128.0,127654.0,126483.0,127601.0,11093300,-0.0037068675010384355,13.25,31.94904899597168,0.0003002602195518733
2025-02-24,125401.0,127275.0,125162.0,127129.0,10148900,-0.013584733496947998,13.25,31.306421279907227,-0.020114142243967237
2025-02-25,125980.0,126718.0,125382.0,125401.0,11078000,0.004617188060701327,13.25,31.10500144958496,-0.006433818433649541
2025-02-26,124769.0,126563.0,124732.0,125980.0,11361800,-0.009612636926496276,13.25,31.066635131835938,-0.001233445296931035
2025-02-27,124799.0,125497.0,124352.0,124768.0,12554000,0.00024044434114234292,13.25,30.730937957763672,-0.010805713996629662
2025-02-28,122799.0,124916.0,122659.0,124798.0,24873800,-0.01602576943725509,13.25,30.289730072021484,-0.01435712396245703
2025-03-05,123047.0,123364.0,122747.0,122799.0,9604100,0.0020195604198731676,13.25,30.63502311706543,0.01139967389022356
2025-03-06,123358.0,124112.0,122681.0,123048.0,10060600,0.0025274894958837724,13.25,30.165042877197266,-0.015341272571338771
2025-03-07,125035.0,125822.0,122530.0,123357.0,9975600,0.013594578381620925,13.25,30.769304275512695,0.020031842844560055
2025-03-10,124519.0,125031.0,123471.0,125031.0,9370800,-0.004126844483544612,13.25,30.577472686767578,-0.006234511740253579
2025-03-11,123507.0,124625.0,122636.0,124519.0,8810400,-0.008127273749387598,13.25,30.625431060791016,0.001568421776211526
2025-03-12,123864.0,124048.0,122969.0,123507.0,8254800,0.002890524423716956,13.25,31.009090423583984,0.012527476332705678
2025-03-13,125637.0,125774.0,123590.0,123863.0,11259000,0.014314086417360983,13.25,32.01618576049805,0.032477422689835445
2025-03-14,128957.0,129194.0,125647.0,125647.0,14572600,0.026425336485271123,13.25,32.55330276489258,0.01677642078955044
2025-03-17,130834.0,131313.0,128957.0,128959.0,11063200,0.014555239343347015,13.25,33.474082946777344,0.02828530759336001
2025-03-18,131475.0,131834.0,130722.0,130832.0,10992400,0.004899338092544836,13.25,34.11671447753906,0.019197883084160372
2025-03-19,132508.0,132984.0,131451.0,131476.0,12204900,0.007857007035558139,13.25,34.35649490356445,0.007028239081557919
2025-03-20,131955.0,132713.0,131813.0,132505.0,14187500,-0.004173332930841878,14.25,34.11671447753906,-0.006979187681934174
2025-03-21,132345.0,132588.0,131776.0,132005.0,14192000,0.0029555530294418375,14.25,34.337310791015625,0.006465930757247884
2025-03-24,131321.0,132424.0,130992.0,132344.0,8301200,-0.0077373531300767295,14.25,33.78101348876953,-0.01620095719294501
2025-03-25,132068.0,133471.0,131325.0,131327.0,9237600,0.005688351444171236,14.25,34.011199951171875,0.006814078046500027
2025-03-26,132520.0,132984.0,132068.0,132069.0,9404600,0.003422479328830663,14.25,33.87692642211914,-0.003947920956787865
2025-03-27,133149.0,133904.0,132479.0,132522.0,10016200,0.004746453365529701,14.25,33.49326705932617,-0.011325093605377035
2025-03-28,131902.0,133143.0,131315.0,133143.0,8905500,-0.00936544773148873,14.25,33.474082946777344,-0.0005727751943352954
2025-03-31,130260.0,131901.0,130115.0,131900.0,9994900,-0.012448636108626121,14.25,32.3231201171875,-0.034383700112706195
2025-04-01,131147.0,131982.0,130081.0,130267.0,8966100,0.006809458007062785,14.25,32.73554611206055,0.01275947350929596
2025-04-02,131190.0,131424.0,130393.0,131151.0,8819500,0.00032787635248987534,14.25,32.95615005493164,0.006738972434304991
2025-04-03,131141.0,132552.0,130182.0,131185.0,12327500,-0.0003735040780546983,14.25,33.387760162353516,0.013096496608446806
2025-04-04,127256.0,131139.0,126466.0,131139.0,13176400,-0.029624602527051014,14.25,31.670896530151367,-0.0514219469606112
2025-04-07,125588.0,128411.0,123876.0,127229.0,14045900,-0.01310743697743133,14.25,32.2751579284668,0.019079390371540716
2025-04-08,123932.0,127652.0,123454.0,125588.0,12814700,-0.0131859731821512,14.25,32.22719955444336,-0.0014859222108140058
2025-04-09,127796.0,128649.0,122887.0,123928.0,16919800,0.031178388148339398,14.25,32.63962936401367,0.012797568987450214
2025-04-10,126355.0,127797.0,124895.0,127796.0,11456300,-0.011275783279601881,14.25,32.2080192565918,-0.013223499035737829
2025-04-11,127682.0,128386.0,126078.0,126355.0,10084200,0.010502156622215209,14.25,32.19842529296875,-0.00029787499649125415
2025-04-14,129454.0,129955.0,127683.0,127683.0,10608700,0.013878228724487407,14.25,32.97532653808594,0.02412854784196039
2025-04-15,129245.0,129927.0,128951.0,129452.0,8837800,-0.0016144730946899832,14.25,32.898597717285156,-0.0023268555267272895
2025-04-16,128317.0,129605.0,128149.0,129245.0,11540200,-0.007180161708383315,14.25,32.63962936401367,-0.007871714031611132
2025-04-17,129650.0,130091.0,127973.0,128316.0,9983400,0.01038833513875792,14.25,33.311031341552734,0.020570147107102477
2025-04-22,130464.0,130877.0,128726.0,129650.0,8605300,0.00627844195912064,14.25,33.52204132080078,0.006334537561580422
2025-04-23,132216.0,133318.0,130468.0,130468.0,11342700,0.013428991905813037,14.25,34.260581970214844,0.02203149391608772
2025-04-24,134580.0,134938.0,132223.0,132245.0,14113400,0.01787983300054452,14.25,34.62505340576172,0.010638214956877778
2025-04-25,134739.0,134992.0,134186.0,134579.0,13051800,0.001181453410610711,14.25,35.10462951660156,0.013850552235106228
2025-04-28,135016.0,135709.0,134711.0,134741.0,11449700,0.0020558264496544076,14.25,35.60337829589844,0.014207493033390639
2025-04-29,135093.0,136150.0,134899.0,135017.0,12761100,0.0005703027789298876,14.25,35.871944427490234,0.007543276634024876
2025-04-30,135067.0,135171.0,133955.0,135094.0,15452400,-0.00019246000903083704,14.25,36.55293655395508,0.018983975843332557
2025-05-02,135134.0,135275.0,134355.0,135067.0,12739100,0.0004960501084647628,14.25,36.207645416259766,-0.009446330999580144
2025-05-05,133491.0,135198.0,133390.0,135131.0,10796300,-0.012158302129737897,14.25,35.9390869140625,-0.007417176651775992
2025-05-06,133516.0,134135.0,133260.0,133499.0,11139700,0.0001872785431227264,14.25,35.833580017089844,-0.0029357144555437475
2025-05-07,133398.0,134110.0,132872.0,133517.0,9938200,-0.0008837892087839583,14.25,36.25559997558594,0.011777220090619656
2025-05-08,136232.0,137635.0,133458.0,133458.0,17202900,0.02124469632228365,14.75,38.45203399658203,0.06058192451580302
2025-05-09,136512.0,137286.0,136105.0,136232.0,13881800,0.0020553173997299723,14.75,39.14262008666992,0.01795967646729113
2025-05-12,136563.0,137519.0,136356.0,136516.0,10915800,0.0003735935302391358,14.75,38.12592697143555,-0.025974069006704292
2025-05-13,138963.0,139419.0,136550.0,136565.0,13071200,0.017574306364095627,14.75,38.89324188232422,0.020125803405738996
2025-05-14,138423.0,139362.0,138228.0,138965.0,11155300,-0.0038859264696358142,14.75,38.74937438964844,-0.0036990357633613913
2025-05-15,139334.0,139408.0,138321.0,138425.0,11500800,0.006581276232995981,14.75,38.85487365722656,0.002722605699830627
2025-05-16,139187.0,139335.0,137713.0,139335.0,12106000,-0.0010550188755077405,14.75,38.30816650390625,-0.014070491082876835
2025-05-19,139636.0,140203.0,138587.0,139186.0,9590600,0.003225875979796955,14.75,38.84528732299805,0.01402105263996467
2025-05-20,140110.0,140244.0,138966.0,139636.0,9650800,0.003394540089948217,14.75,38.384891510009766,-0.011852037781574287
2025-05-21,137881.0,140109.0,137538.0,140109.0,10150400,-0.0159089286988795,14.75,37.92450714111328,-0.011993895274562072
2025-05-22,137273.0,138837.0,137088.0,137881.0,13223200,-0.0044095995822485134,14.75,38.00123596191406,0.002023198891294209
2025-05-23,137824.0,137824.0,134997.0,137273.0,10682600,0.0040138993101337395,14.75,38.06837844848633,0.0017668500740228854
2025-05-26,138136.0,138800.0,137795.0,137824.0,5553800,0.002263756675179973,14.75,38.3177604675293,0.006550896812703266
2025-05-27,139541.0,140382.0,138136.0,138136.0,11187800,0.010171135692361055,14.75,39.3728141784668,0.027534326068757498
2025-05-28,138888.0,139547.0,138580.0,139541.0,9735000,-0.004679628209630193,14.75,39.60300827026367,0.00584652371439498
2025-05-29,138534.0,139108.0,137993.0,138869.0,8826400,-0.002548816312424429,14.75,38.95079040527344,-0.01646889702265264
2025-05-30,137027.0,138637.0,136726.0,138546.0,15141600,-0.010878195966333215,14.75,37.93409729003906,-0.02610198932180663
2025-06-02,136787.0,138471.0,136483.0,137026.0,9100100,-0.0017514796354003437,14.75,38.116336822509766,0.00480410884902116
2025-06-03,137546.0,137672.0,136175.0,136787.0,9696700,0.005548772909706345,14.75,38.89324188232422,0.020382469160983296
2025-06-04,137002.0,138797.0,136695.0,137547.0,10199100,-0.003955040495543294,14.75,38.75895690917969,-0.003452655696607243
2025-06-05,136236.0,137451.0,136031.0,137003.0,9484500,-0.005591159253149569,14.75,38.55754089355469,-0.005196631480484881
2025-06-06,136102.0,136890.0,135601.0,136236.0,9119300,-0.0009835873043835264,14.75,38.36571502685547,-0.0049750544836039134
2025-06-09,135699.0,136106.0,134119.0,136102.0,7763800,-0.0029610145332177318,14.75,38.17388153076172,-0.005000128264505688
2025-06-10,136436.0,137369.0,135716.0,135716.0,8186500,0.005431138033441751,14.75,38.08755874633789,-0.0022613048755407705
2025-06-11,137128.0,137531.0,135628.0,136443.0,8767100,0.005071975138526419,14.75,38.538360595703125,0.01183593446793374
2025-06-12,137800.0,137931.0,136175.0,137127.0,7124600,0.004900530890846522,14.75,39.526275634765625,0.02563458911567329
2025-06-13,137213.0,137800.0,136586.0,137800.0,8628300,-0.0042597968069666425,14.75,38.85487365722656,-0.016986219084818788
2025-06-16,139256.0,139988.0,137212.0,137212.0,7620500,0.01488925976401645,14.75,39.708518981933594,0.021970096524770444
2025-06-17,138840.0,139497.0,138293.0,139256.0,8377000,-0.0029873039581777006,14.75,40.0058479309082,0.00748778742188505
2025-06-18,138717.0,139161.0,138443.0,138844.0,8323400,-0.0008859118409679789,14.75,40.09217071533203,0.0021577541506658804
2025-06-20,137116.0,138719.0,136815.0,138715.0,11289300,-0.01154148374027697,15.0,40.11135482788086,0.0004785002210292433
2025-06-23,136551.0,137130.0,135835.0,137116.0,7727800,-0.004120598617229243,15.0,39.852386474609375,-0.006456235506946295
2025-06-24,137165.0,138156.0,136254.0,136552.0,8083700,0.004496488491479322,15.0,40.71561050415039,0.02166053543847335
2025-06-25,135767.0,137163.0,135565.0,137163.0,7705700,-0.010192104399810442,15.0,40.4278678894043,-0.007067132512154295
2025-06-26,137114.0,137353.0,135756.0,135767.0,8023300,0.009921409473583331,15.0,40.437461853027344,0.00023731065039811483
2025-06-27,136866.0,137209.0,136469.0,137113.0,6244500,-0.0018087139168866395,15.0,39.986663818359375,-0.011148029921027813
2025-06-30,138855.0,139103.0,136430.0,136865.0,7680300,0.014532462408487046,15.0,40.52378463745117,0.013432498933436454
2025-07-01,139549.0,139695.0,138855.0,138855.0,6345700,0.004998019516762042,15.0,41.11845397949219,0.01467457561926322
2025-07-02,139051.0,140049.0,138384.0,139586.0,8811900,-0.003568638972690552,15.0,39.84278869628906,-0.0310241548439385
2025-07-03,140928.0,141304.0,139051.0,139051.0,6082200,0.013498644382277103,15.0,40.571739196777344,0.018295669664211367
2025-07-04,141478.0,141537.0,140597.0,140928.0,2114300,0.0039027020890098907,15.0,40.706016540527344,0.003309627499544554
2025-07-07,139490.0,141342.0,139295.0,141265.0,6117300,-0.014051654674224978,15.0,40.27440643310547,-0.010603103523828206
2025-07-08,139303.0,139591.0,138770.0,139491.0,6750100,-0.001340597892321993,15.0,39.32485580444336,-0.02357702354320934
2025-07-09,137481.0,139331.0,137299.0,139303.0,7584500,-0.013079402453644251,15.0,39.47831726074219,0.0039024035348524944
2025-07-10,136743.0,137472.0,136015.0,137472.0,9566200,-0.00536801448927493,15.0,39.133026123046875,-0.008746348924012382
2025-07-11,136187.0,136742.0,135528.0,136742.0,7401900,-0.004066021661072283,15.0,39.161800384521484,0.0007352935442337394
2025-07-14,135299.0,136187.0,134840.0,136187.0,7325600,-0.006520446151247916,15.0,38.94119644165039,-0.005633140987008511
2025-07-15,135250.0,136022.0,134380.0,135298.0,6904200,-0.00036216084376083924,15.0,38.58631896972656,-0.009113163034309424
2025-07-16,135511.0,135641.0,134265.0,135250.0,7833200,0.0019297597042513548,15.0,39.3728141784668,0.020382747816843905
2025-07-17,135565.0,135793.0,135016.0,135515.0,6800000,0.00039849163536542775,15.0,40.0058479309082,0.016077940214586306
2025-07-18,133382.0,135563.0,133296.0,135563.0,10071800,-0.016102976431969895,15.0,38.68223571777344,-0.033085468290053544
2025-07-21,134167.0,134865.0,133367.0,133382.0,6726700,0.005885351846576015,15.0,38.17388153076172,-0.0131417995257741
2025-07-22,134036.0,135300.0,133986.0,134180.0,7052100,-0.0009763950897015983,15.0,38.05878829956055,-0.003014973237878027
2025-07-23,135368.0,135782.0,133676.0,134036.0,6527600,0.009937628696768064,15.0,38.73978042602539,0.01789316362635507
2025-07-24,133808.0,135363.0,133648.0,135357.0,5976800,-0.011524141599196236,15.0,37.847774505615234,-0.023025580181422645
2025-07-25,133524.0,134204.0,133285.0,133820.0,5560900,-0.0021224440990075255,15.0,37.751861572265625,-0.0025341763050130695
2025-07-28,132129.0,133902.0,131550.0,133538.0,6625600,-0.010447559989215427,15.0,36.91740798950195,-0.022103640668588942
2025-07-29,132726.0,133346.0,132130.0,132130.0,6324800,0.0045183116499785125,15.0,37.13801193237305,0.005975607576074404
2025-07-30,133990.0,134368.0,131883.0,132702.0,8655300,0.009523378991305398,15.0,37.521663665771484,0.01033043271398193
2025-07-31,133071.0,133987.0,132096.0,133987.0,9196800,-0.00685872080005967,15.0,37.5312614440918,0.0002557929841759954
2025-08-01,132437.0,133237.0,132140.0,132920.0,8497100,-0.004764373905659425,15.0,37.47371292114258,-0.0015333490198550237
2025-08-04,132971.0,133929.0,132440.0,132440.0,6136600,0.00403210583145186,15.0,37.56962203979492,0.0025593705874347172
2025-08-05,133151.0,134233.0,132682.0,132971.0,6606300,0.001353678621654364,15.0,37.60799026489258,0.0010212566167691062
2025-08-06,134538.0,135241.0,133169.0,133169.0,8681700,0.010416744898648966,15.0,38.19306564331055,0.015557209366865443
2025-08-07,136528.0,137007.0,134534.0,134538.0,9501000,0.01479136006184123,15.0,38.64386749267578,0.011803238147346518
2025-08-08,135913.0,136761.0,135659.0,136526.0,9890600,-0.0045045704910348094,15.0,39.094661712646484,0.011665349490605381
2025-08-11,135623.0,136307.0,135496.0,135913.0,6947300,-0.0021337178930639356,15.0,38.96226119995117,-0.0033866647489747548
2025-08-12,137914.0,138414.0,135629.0,135629.0,8342100,0.01689241500335492,15.0,44.07350540161133,0.1311844858138409
2025-08-13,136687.0,137913.0,136535.0,137911.0,9398500,-0.008896848760821974,15.0,43.12914276123047,-0.02142699183501595
2025-08-14,136356.0,137437.0,135588.0,136681.0,9667800,-0.0024215909340317143,15.0,43.333587646484375,0.004740295590518473
2025-08-15,136341.0,136431.0,135583.0,136354.0,9291000,-0.00011000616034495536,15.0,43.275177001953125,-0.0013479300400365268
2025-08-18,137322.0,137902.0,136341.0,136341.0,8089900,0.007195194402270788,15.0,43.87879180908203,0.013948292045152355
2025-08-19,134432.0,137321.0,133997.0,137321.0,8684100,-0.02104542607885118,15.0,42.35028839111328,-0.03483467422301223
2025-08-20,134667.0,134964.0,134122.0,134431.0,6845000,0.0017480956915019163,15.0,41.882972717285156,-0.011034533449037487
2025-08-21,134511.0,134837.0,133874.0,134664.0,6516300,-0.0011584129742253646,15.0,41.48381042480469,-0.009530419322784422
2025-08-22,137968.0,138072.0,134512.0,134512.0,9315600,0.025700500330827936,15.0,42.15557098388672,0.016193318603161977
2025-08-25,138025.0,138890.0,137971.0,137971.0,5991700,0.00041313927867325795,15.0,42.10689163208008,-0.001154754891714016
2025-08-26,137771.0,138037.0,137059.0,138026.0,8453400,-0.0018402463321861573,15.0,41.912174224853516,-0.004624359568689007
2025-08-27,139206.0,139281.0,137456.0,137773.0,6609100,0.01041583497252696,15.0,42.866275787353516,0.0227643060792162
2025-08-28,141049.0,142138.0,139206.0,139206.0,9294800,0.013239371866155203,15.0,43.3238525390625,0.010674516115626309
2025-08-29,141422.0,142379.0,141000.0,141049.0,9333200,0.002644471070337273,15.0,43.674339294433594,0.008089925868321135
2025-09-01,141125.0,141950.0,140878.0,141423.0,3388000,-0.0021000975802916155,15.0,43.245967864990234,-0.009808309326798548
2025-09-02,140335.0,141279.0,139625.0,141279.0,8785200,-0.005597874224977817,15.0,43.3238525390625,0.0018009696144485332
2025-09-03,139864.0,140496.0,139582.0,140332.0,7579800,-0.0033562546763102885,15.0,43.12914276123047,-0.004494285859192093
2025-09-04,140993.0,141482.0,139832.0,139832.0,8032400,0.00807212720928896,15.0,44.2000732421875,0.024830785227656138
2025-09-05,142640.0,143409.0,141004.0,141004.0,8379400,0.011681430993027986,15.0,45.04707717895508,0.01916295324051953
2025-09-08,141792.0,143089.0,141329.0,142640.0,7440900,-0.005945036455412223,15.0,44.268218994140625,-0.017289871698453196
2025-09-09,141618.0,142286.0,141606.0,141794.0,7481900,-0.0012271496276236027,15.0,44.35584259033203,0.0019793792969851065
2025-09-10,142349.0,143182.0,141612.0,141612.0,7138700,0.005161773220918153,15.0,44.404518127441406,0.0010973872722683797
2025-09-11,143151.0,144013.0,142349.0,142349.0,7570400,0.00563404028128045,15.0,45.14442825317383,0.016662946856193184
2025-09-12,142272.0,143202.0,142241.0,143151.0,6388600,-0.0061403692604312665,15.0,44.34610366821289,-0.017683789912763204
2025-09-15,143547.0,144194.0,142292.0,142292.0,6614000,0.008961707152496556,15.0,44.65764617919922,0.007025251041607117
2025-09-16,144062.0,144584.0,143547.0,143547.0,8478200,0.0035876751168606447,15.0,44.82315444946289,0.0037061574987524715
2025-09-17,145594.0,146331.0,143910.0,144059.0,9604400,0.010634310227541022,15.0,45.46570587158203,0.01433525663267643
2025-09-18,145500.0,145726.0,144993.0,145594.0,8372000,-0.000645631001277569,15.0,45.51438903808594,0.0010707667586071778
2025-09-19,145865.0,146399.0,145496.0,145500.0,10279800,0.0025085910652919985,15.0,46.234832763671875,0.01582892225540089
2025-09-22,145109.0,145864.0,144117.0,145864.0,9428100,-0.005182874575806351,15.0,45.90381622314453,-0.007159462265589389
2025-09-23,146425.0,147179.0,145107.0,145112.0,8143800,0.00906904464919478,15.0,46.54637145996094,0.01399786095545652
2025-09-24,146492.0,146585.0,146067.0,146426.0,7292900,0.0004575721359056928,15.0,46.56584548950195,0.00041837911162989627
2025-09-25,145306.0,146519.0,145187.0,146492.0,8293800,-0.008096005242607118,15.0,46.09852600097656,-0.010035670642568828
2025-09-26,145447.0,146235.0,145146.0,145326.0,6338200,0.0009703659862634328,15.0,46.770294189453125,0.014572443996633044
2025-09-29,146337.0,147558.0,145447.0,145447.0,7074100,0.006119067426622715,15.0,47.55888366699219,0.016860904794498754
2025-09-30,146237.0,147578.0,145774.0,146337.0,9477300,-0.0006833541756356976,15.0,46.984474182128906,-0.012077858868288494
2025-10-01,145517.0,146879.0,145193.0,146237.0,8340700,-0.004923514568816345,15.0,46.55610275268555,-0.00911729750944612
2025-10-02,143950.0,145621.0,143635.0,145517.0,7245600,-0.010768501274765141,15.0,45.99143600463867,-0.01212873747286125
2025-10-03,144201.0,144518.0,143676.0,143950.0,6177600,0.0017436609934005087,15.0,46.5366325378418,0.011854305509141572
2025-10-06,143608.0,144532.0,143376.0,144202.0,5981500,-0.0041123154485752655,15.0,46.37112808227539,-0.0035564338573880194
2025-10-07,141356.0,143606.0,141035.0,143606.0,9272700,-0.015681577627987275,15.0,44.82315444946289,-0.0333822724792453
2025-10-08,142145.0,142385.0,141356.0,141356.0,7525200,0.005581651999207571,15.0,46.18614959716797,0.03040828260406858
2025-10-09,141708.0,143212.0,141603.0,142148.0,6821400,-0.00307432551268072,15.0,46.15694046020508,-0.0006324219970196276
2025-10-10,140680.0,142274.0,140231.0,141725.0,8280800,-0.007254354023767173,15.0,45.894081115722656,-0.005694903991937061
2025-10-13,141783.0,142303.0,140682.0,140682.0,5531200,0.007840489053170252,15.0,46.05958557128906,0.0036062265883280986
2025-10-14,141683.0,142589.0,141334.0,141788.0,7122300,-0.000705303174569627,15.0,45.173641204833984,-0.019234744634943568
2025-10-15,142604.0,142905.0,141154.0,141683.0,10321000,0.006500427009591858,15.0,46.17641830444336,0.022198279192558568
2025-10-16,142200.0,143191.0,141446.0,142604.0,7391900,-0.002833020111637774,15.0,44.56028747558594,-0.03499905120839375
2025-10-17,143399.0,143425.0,141248.0,142200.0,8875100,0.008431786216596349,15.0,45.15416717529297,0.013327555394080592
2025-10-20,144509.0,145216.0,143396.0,143399.0,6793400,0.007740639753415213,15.0,45.44623947143555,0.006468335358920996
2025-10-21,144085.0,144795.0,143829.0,144509.0,6193200,-0.0029340733103128125,15.0,45.640953063964844,0.004284481946007501
2025-10-22,144873.0,145048.0,144039.0,144094.0,7025000,0.005468993996599281,15.0,46.04985046386719,0.008959002221738954
2025-10-23,145721.0,146358.0,144881.0,144881.0,6599600,0.005853402635411786,15.0,46.03037643432617,-0.00042289017976937515
2025-10-24,146172.0,147240.0,145721.0,145721.0,6491300,0.0030949554285244485,15.0,46.390602111816406,0.007825825148403576
2025-10-27,146969.0,147977.0,146174.0,146174.0,6445200,0.0054524806392468594,15.0,46.49768829345703,0.002308359382413583
2025-10-28,147429.0,147811.0,146575.0,146970.0,7108000,0.0031299117500969142,15.0,46.68267059326172,0.003978311752559138
2025-10-29,148633.0,149067.0,147430.0,147430.0,7999500,0.008166642926425549,15.0,48.2501220703125,0.03357673108952408
2025-10-30,148780.0,149234.0,147547.0,148632.0,7300600,0.0009890132070267121,15.0,47.821746826171875,-0.00887822094038182
2025-10-31,149540.0,149636.0,148774.0,148774.0,8911000,0.0051082134695523695,15.0,47.5296745300293,-0.006107520438436431
2025-11-03,150454.0,150761.0,149551.0,149551.0,7667600,0.00611207703624439,15.0,47.21813201904297,-0.006554694810491424
2025-11-04,150704.0,150888.0,149979.0,150454.0,7541200,0.001661637444002828,15.0,47.743865966796875,0.011134153878469277
2025-11-05,153294.0,153583.0,150296.0,150709.0,9803000,0.017186007007113258,15.0,49.05818176269531,0.02752847448115059
2025-11-06,153339.0,154352.0,153235.0,153297.0,9387600,0.00029355356374027863,15.0,48.892677307128906,-0.0033736361524155933
2025-11-07,154064.0,154066.0,152368.0,153339.0,9474100,0.004728086135947107,15.0,49.25289535522461,0.007367525526019492
2025-11-10,155257.0,155601.0,154058.0,154061.0,7751600,0.007743535154221659,15.0,49.85650634765625,0.012255340281586369
2025-11-11,157749.0,158467.0,155252.0,155257.0,12876000,0.016050806082817504,15.0,51.01505661010742,0.023237694482089122
2025-11-12,157633.0,158134.0,156560.0,157749.0,11226600,-0.0007353453904620499,15.0,52.251487731933594,0.024236592174656124
2025-11-13,157162.0,158319.0,156509.0,157633.0,10560800,-0.002987953030139656,15.0,52.5727653503418,0.006148678867412549
2025-11-14,157739.0,158366.0,156656.0,157162.0,7977300,0.0036713709420852503,15.0,51.97888946533203,-0.011296264920671595
2025-11-17,156993.0,157901.0,156568.0,157742.0,8419200,-0.004729331363835243,15.0,51.5797233581543,-0.007679388907374851
2025-11-18,156522.0,157040.0,155834.0,156990.0,8723000,-0.0030001337639258274,15.0,51.00532150268555,-0.011136194963285773
2025-11-19,155381.0,156522.0,155212.0,156522.0,8815200,-0.007289710072705402,15.0,50.742454528808594,-0.005153716634510586
2025-11-21,154770.0,155387.0,153571.0,155381.0,7848000,-0.003932269711225955,15.0,49.85650634765625,-0.017459702913057873
2025-11-24,155278.0,155832.0,154529.0,154769.0,9277600,0.003282289849454001,15.0,49.8370361328125,-0.0003905250542022287
2025-11-25,155910.0,156373.0,154821.0,155278.0,6929400,0.004070119398755789,15.0,50.40170669555664,0.011330339975261117
2025-11-26,158555.0,158714.0,155914.0,155915.0,8596500,0.016964915656468404,15.0,51.277915954589844,0.017384515653920296
2025-11-27,158292.0,158864.0,158167.0,158554.0,3121400,-0.001658730409006326,15.0,51.268184661865234,-0.0001897755114156352
2025-11-28,159072.0,159689.0,158078.0,158358.0,8017000,0.004927602152983157,15.0,52.5727653503418,0.025446204055805888
2025-12-01,158611.0,159224.0,158030.0,159074.0,7504300,-0.002898058740696041,15.0,52.251487731933594,-0.006111103653521521
2025-12-02,161092.0,161092.0,158612.0,158612.0,8430000,0.01564204248129064,15.0,53.721580505371094,0.028134945764215047
2025-12-03,161755.0,161964.0,161093.0,161094.0,8292000,0.004115660616293759,15.0,54.59779739379883,0.016310333392743903
2025-12-04,164456.0,164551.0,161759.0,161760.0,10592300,0.016698092794658503,15.0,55.41558837890625,0.014978461112797659
2025-12-05,157369.0,165036.0,157007.0,164461.0,14529000,-0.04309359342316488,15.0,51.03452682495117,-0.07905828814808202
2025-12-08,158187.0,159235.0,157369.0,157369.0,9024100,0.005197974188054788,15.0,51.54078674316406,0.009919949291376184
2025-12-09,157981.0,158851.0,155188.0,158187.0,8703800,-0.0013022561904580954,15.0,50.820343017578125,-0.013978128218647967
2025-12-10,159075.0,159691.0,157628.0,157984.0,8239900,0.006924883372050994,15.0,52.01782989501953,0.023563140394924353
2025-12-11,159189.0,159850.0,158098.0,159072.0,7018000,0.0007166430928806644,15.0,53.3321533203125,0.025266786944889708
2025-12-12,160766.0,161263.0,159189.0,159189.0,7671200,0.00990646338628931,15.0,53.82867431640625,0.009309974662220055
2025-12-15,162482.0,163073.0,160766.0,160766.0,8229000,0.010673898709926188,15.0,54.96774673461914,0.021161071356084138
2025-12-16,158578.0,162482.0,158558.0,162482.0,9920300,-0.02402727686759154,15.0,52.09571838378906,-0.05224933750142702
2025-12-17,157327.0,158611.0,156351.0,158578.0,11344300,-0.007888862263365715,15.0,50.38223648071289,-0.03289103128308846
2025-12-18,157923.0,158496.0,157124.0,157327.0,7800100,0.003788288087867908,15.0,51.36553955078125,0.01951686028159516
2025-12-19,158473.0,159552.0,157906.0,157928.0,9946500,0.003482709928256167,15.0,51.36064910888672,-9.5208615295439e-05
2025-12-22,158142.0,158634.0,157306.0,158480.0,8424000,-0.0020886838767487648,15.0,50.67269515991211,-0.013394572711028618
2025-12-23,160456.0,160456.0,158144.0,158144.0,6569800,0.014632418965233818,15.0,51.95032501220703,0.02521337868970641
2025-12-26,160897.0,160913.0,159359.0,160456.0,4790000,0.002748417011517068,15.0,51.54738235473633,-0.007756306767590426
2025-12-29,160490.0,161133.0,159702.0,160897.0,5605600,-0.002529568606002619,15.0,51.53755187988281,-0.00019070754720118543
2025-12-30,161125.0,162075.0,160491.0,160491.0,5870100,0.003956632812013305,15.0,51.82176971435547,0.005514771736443214
