data,btg_close,High,Low,Open,Volume,btg_return
2025-01-02,25.848434448242188,26.210884015002296,25.48598306222099,26.182270676652944,6061600,
2025-01-03,25.485980987548828,26.07734812853035,25.44782926643505,25.75305031238902,6595900,-0.014022259700838813
2025-01-06,26.42438507080078,26.42438507080078,25.81053422559284,25.896857229377684,8885500,0.03682040270336895
2025-01-07,26.894365310668945,27.556172533374674,26.64498796016631,26.951913367117328,8694000,0.01778585343079553
2025-01-08,26.779268264770508,26.980687383792084,26.529890905920134,26.702536910464225,8663100,-0.0042795970296714
2025-01-09,27.43148422241211,27.489032277705775,26.73131042317684,26.760083536113825,6302600,0.024355256879801557
2025-01-10,26.597028732299805,27.575354802618644,26.443566034534456,27.43148375214109,7471800,-0.03041962597964487
2025-01-13,27.162925720214844,27.536990853198787,26.999871359531102,27.114969308598383,7654400,0.021276699499437113
2025-01-14,27.354753494262695,27.50821619814868,26.961505086877395,27.268430494649362,6522400,0.007062117535634016
2025-01-15,28.92774772644043,29.273039732087046,27.57535647688421,27.62331288681523,16103900,0.057503506017981376
2025-01-16,28.89897346496582,29.01407141270474,28.668779398907798,28.927748409255504,12279600,-0.000994694151328912
2025-01-17,28.822242736816406,29.186718054737852,28.486544193230678,29.186718054737852,7532300,-0.0026551368076251913
2025-01-20,28.98529624938965,29.225081961732307,28.409812003303106,28.534499768776577,4292100,0.00565721113593165
2025-01-21,29.157941818237305,29.368954412766836,28.92774775736672,28.92774775736672,5807000,0.00595631548362352
2025-01-22,29.627920150756836,29.848524382466376,28.84142335690975,29.20589864100747,9958100,0.016118364439069444
2025-01-23,29.656696319580078,30.069128028391816,29.551190023069235,29.637513023956334,13909000,0.0009712517340676463
2025-01-24,29.723834991455078,29.867706044791785,29.474457645275596,29.51282423518922,5799300,0.002263862135940986
2025-01-27,30.366464614868164,30.3760562635714,29.656699075608152,29.723838787110868,7377900,0.021620010459546313
2025-01-28,30.126676559448242,30.32809750782448,30.06912850109208,30.318505859861823,4713400,-0.007896475880913578
2025-01-29,29.954030990600586,30.404829304302815,29.790976631703575,30.404829304302815,3869900,-0.005730654309212602
2025-01-30,30.74052619934082,30.86521578859103,29.99239598151843,30.021169094868696,7756800,0.02625674016919577
2025-01-31,31.239282608032227,31.642124511191028,30.663796527059418,30.788484293717282,14859200,0.016224719299115398
2025-02-03,30.692569732666016,31.325603837048675,30.59665508636749,31.19132442988257,7490300,-0.017500814030397716
2025-02-04,30.328096389770508,30.788482669067292,30.088310687803194,30.596655205145275,8052500,-0.011874969938004187
2025-02-05,30.404827117919922,30.5199232280297,29.647103437115188,30.15544977345582,7522400,0.002530021243776215
2025-02-06,30.788482666015625,30.989905436366183,29.963621095335235,30.366461147777184,8169400,0.012618244682259139
2025-02-07,30.807666778564453,31.17214207966328,30.635022605297387,30.7884834828393,10328400,0.0006230937963696004
2025-02-10,30.260953903198242,31.17214027373688,30.145857794354843,31.17214027373688,14660500,-0.017746000672358764
2025-02-11,30.999496459960938,31.44070129057172,30.232182915672716,30.26095603019615,11255300,0.024405792333090925
2025-02-12,30.41442108154297,30.884402721714306,30.222593595406444,30.462379325142052,13749500,-0.018873705873695523
2025-02-13,30.318506240844727,30.558291954664963,29.97321422752925,30.23218323751586,6320100,-0.0031535974477728823
2025-02-14,31.690080642700195,31.881909944471623,30.539108490911257,30.682979552529925,11688000,0.04523885151068896
2025-02-17,32.0545539855957,32.3710728990742,31.690082317689303,31.690082317689303,5263900,0.011501180669272415
2025-02-18,32.15046691894531,32.342296209662386,31.79558510936434,32.13128362398967,6240400,0.0029921780659531994
2025-02-19,31.5366153717041,31.977820168756796,31.402335969021916,31.80517417706847,7959200,-0.019093083431378943
2025-02-20,31.9394588470459,32.08333175012607,31.239284946991546,31.728449890392202,8618600,0.012773833545347557
2025-02-21,31.94904899597168,32.08332840680564,31.565390400297897,31.93945551871809,11963400,0.0003002602195518733
2025-02-24,31.306421279907227,32.03537187719205,31.095408687192222,32.03537187719205,8091400,-0.020114142243967237
2025-02-25,31.10500144958496,31.642122737407043,31.057045041117142,31.411926854386312,10105900,-0.006433818433649541
2025-02-26,31.066635131835938,31.48866031126998,30.884399314523623,31.45988353886527,11152700,-0.001233445296931035
2025-02-27,30.730937957763672,31.325605503493886,30.730937957763672,31.105003085865576,11958400,-0.010805713996629662
2025-02-28,30.289730072021484,30.913172536865176,30.212998719877948,30.70215994640565,13479100,-0.01435712396245703
2025-03-05,30.63502311706543,30.721344290431098,29.781384737233513,30.069128689658356,10101800,0.01139967389022356
2025-03-06,30.165042877197266,30.73093729591343,30.088311523613026,30.635022646578193,10279800,-0.015341272571338771
2025-03-07,30.769304275512695,31.316015405373598,29.675880186371092,29.93484736459692,7194400,0.020031842844560055
2025-03-10,30.577472686767578,30.836443519952056,30.280138921011677,30.50074133336542,6403700,-0.006234511740253579
2025-03-11,30.625431060791016,31.124185774809597,30.165042938352226,30.65420417505608,7062000,0.001568421776211526
2025-03-12,31.009090423583984,31.13377636103368,30.682979875373338,30.788484345979903,8835100,0.012527476332705678
2025-03-13,32.01618576049805,32.131281865092056,30.798074038790567,31.085816129695196,11654800,0.032477422689835445
2025-03-14,32.55330276489258,33.013690833769296,31.968228776146983,32.13128128313203,10124600,0.01677642078955044
2025-03-17,33.474082946777344,33.64672893194819,32.47657362331006,32.649219608480905,8721200,0.02828530759336001
2025-03-18,34.11671447753906,34.2030374894907,33.33021755035304,33.33021755035304,10512700,0.019197883084160372
2025-03-19,34.35649490356445,34.720970193103234,34.039979681237185,34.11670920286463,11984200,0.007028239081557919
2025-03-20,34.11671447753906,34.62505907078759,33.88652221822802,34.31813361914622,6626800,-0.006979187681934174
2025-03-21,34.337310791015625,34.60587325741686,33.85773940103262,33.953655874332824,13364500,0.006465930757247884
2025-03-24,33.78101348876953,34.682606481038235,33.70428030193489,34.65383336539511,6618700,-0.01620095719294501
2025-03-25,34.011199951171875,34.23180233756909,33.78100774747004,33.79059756477466,6208300,0.006814078046500027
2025-03-26,33.87692642211914,34.337314568084324,33.58918428824587,34.337314568084324,5115000,-0.003947920956787865
2025-03-27,33.49326705932617,34.049571676767094,33.205524931853816,33.97283849139331,10046100,-0.011325093605377035
2025-03-28,33.474082946777344,34.02079401353863,33.109607682656765,33.28225366782761,7313800,-0.0005727751943352954
2025-03-31,32.3231201171875,32.80269162142221,32.179247202381006,32.80269162142221,19678400,-0.034383700112706195
2025-04-01,32.73554611206055,32.745135930558945,32.160058213488384,32.51494369820173,12950200,0.01275947350929596
2025-04-02,32.95615005493164,33.16716266008206,32.409438904168944,32.7643207465076,3920300,0.006738972434304991
2025-04-03,33.387760162353516,33.915287938624864,32.716359511263065,33.052058007388695,7359000,0.013096496608446806
2025-04-04,31.670896530151367,33.07124417695394,31.440700642192276,33.07124417695394,7358600,-0.0514219469606112
2025-04-07,32.2751579284668,33.04247146629606,30.951539788936604,31.277648499868985,10317700,0.019079390371540716
2025-04-08,32.22719955444336,32.99451679146704,32.02578042620253,32.27515962588715,14001200,-0.0014859222108140058
2025-04-09,32.63962936401367,33.397353078530266,31.22009841337219,32.03537201492381,14262400,0.012797568987450214
2025-04-10,32.2080192565918,32.33270519503978,31.642124818242802,32.33270519503978,8755800,-0.013223499035737829
2025-04-11,32.19842529296875,32.45739430242368,31.949049760997124,32.38066111791572,8776800,-0.00029787499649125415
2025-04-14,32.97532653808594,33.09042263582258,32.24637604846291,32.36147580503854,6055800,0.02412854784196039
2025-04-15,32.898597717285156,33.18633982909499,32.67799530960297,32.965737421412804,4435700,-0.0023268555267272895
2025-04-16,32.63962936401367,32.97533155012535,32.332703950839274,32.71636254672704,5708900,-0.007871714031611132
2025-04-17,33.311031341552734,33.311031341552734,32.447804956305085,32.85064320431938,6110000,0.020570147107102477
2025-04-22,33.52204132080078,33.81937324474015,32.908190519177,32.908190519177,5247900,0.006334537561580422
2025-04-23,34.260581970214844,34.481184375047135,33.867333568759115,33.90569650002256,6784300,0.02203149391608772
2025-04-24,34.62505340576172,34.979938873966525,34.12630237257544,34.605873769657116,7774800,0.010638214956877778
2025-04-25,35.10462951660156,35.2485024185807,34.490778631325014,34.62505805512427,8555400,0.013850552235106228
2025-04-28,35.60337829589844,35.785617762309634,35.066260690912,35.37318608200119,7502500,0.014207493033390639
2025-04-29,35.871944427490234,35.92949065743279,35.45951270498359,35.60338193867962,8055700,0.007543276634024876
2025-04-30,36.55293655395508,36.77353898219329,35.66093336303895,35.785622964683085,9105400,0.018983975843332557
2025-05-02,36.207645416259766,36.668033581167315,36.02540957770466,36.11173258730232,8443000,-0.009446330999580144
2025-05-05,35.9390869140625,36.524164689318695,35.81439730814562,36.370698307365664,5567500,-0.007417176651775992
2025-05-06,35.833580017089844,35.98704273768133,35.66093399906944,35.98704273768133,4624200,-0.0029357144555437475
2025-05-07,36.25559997558594,36.2939665687417,35.88153483941648,36.150093673827435,4657900,0.011777220090619656
2025-05-08,38.45203399658203,38.931605384087995,36.65843803178472,36.65843803178472,19387200,0.06058192451580302
2025-05-09,39.14262008666992,39.324855906615916,38.21225037366036,38.26980026046203,14974100,0.01795967646729113
2025-05-12,38.12592697143555,39.37281190162655,37.694311972066494,38.80691749330701,12741200,-0.025974069006704292
2025-05-13,38.89324188232422,39.382406785360395,37.905325916469415,38.03960533021594,10157700,0.020125803405738996
2025-05-14,38.74937438964844,39.315268843586345,38.49999518820338,38.82610391858861,8310400,-0.0036990357633613913
2025-05-15,38.85487365722656,39.1713925410466,38.40407902414274,38.653454545071696,7344300,0.002722605699830627
2025-05-16,38.30816650390625,38.84528785062814,37.934101354462726,38.84528785062814,6980500,-0.014070491082876835
2025-05-19,38.84528732299805,39.133029460289336,38.06838025935576,38.12593015034994,6551900,0.01402105263996467
2025-05-20,38.384891510009766,39.10424853907553,37.89572668129517,39.10424853907553,5509300,-0.011852037781574287
2025-05-21,37.92450714111328,38.36571195042167,37.57921514814518,38.07796984256139,6493500,-0.011993895274562072
2025-05-22,38.00123596191406,38.7877327496925,37.703904041436445,37.98205266723174,6092600,0.002023198891294209
2025-05-23,38.06837844848633,38.077971925948894,36.50497823533158,36.50497823533158,7504500,0.0017668500740228854
2025-05-26,38.3177604675293,38.557546198040946,37.99165172767986,38.07797473701765,2309500,0.006550896812703266
2025-05-27,39.3728141784668,39.58382678121393,38.845286330438654,39.28649117360112,9944800,0.027534326068757498
2025-05-28,39.60300827026367,39.6125980886601,39.03711385504683,39.334445790249895,5319300,0.00584652371439498
2025-05-29,38.95079040527344,39.67014751842031,38.5095855873315,39.32485551869549,3989500,-0.01646889702265264
2025-05-30,37.93409729003906,39.31526527395679,37.886140881450686,39.31526527395679,12965900,-0.02610198932180663
2025-06-02,38.116336822509766,38.90283363283101,37.80940775763468,38.317755934188256,8711000,0.00480410884902116
2025-06-03,38.89324188232422,39.10425448040567,37.74226972917749,37.74226972917749,5752100,0.020382469160983296
2025-06-04,38.75895690917969,39.22893844872024,38.6342673319401,38.94119270757671,8068100,-0.003452655696607243
2025-06-05,38.55754089355469,39.094658514350236,38.27938860630592,38.79732659107824,7688900,-0.005196631480484881
2025-06-06,38.36571502685547,38.874059580132595,38.10674601136343,38.797330052675534,3675900,-0.0049750544836039134
2025-06-09,38.17388153076172,38.41366722336554,37.79022661789917,38.10674182953979,7978900,-0.005000128264505688
2025-06-10,38.08755874633789,38.95078870803563,38.08755874633789,38.36571102942264,4586000,-0.0022613048755407705
2025-06-11,38.538360595703125,39.07548191710834,37.886143155010956,37.924509747719824,8325800,0.01183593446793374
2025-06-12,39.526275634765625,39.56464222656136,38.15470107820433,38.36571367424132,6015200,0.02563458911567329
2025-06-13,38.85487365722656,39.36322183498243,38.85487365722656,39.32485524442737,6730800,-0.016986219084818788
2025-06-16,39.708518981933594,40.04421754572707,39.01793489774138,39.11384772772811,4994100,0.021970096524770444
2025-06-17,40.0058479309082,40.120947708813475,39.73728910014187,40.0058479309082,4150000,0.00748778742188505
2025-06-18,40.09217071533203,40.389506318365996,39.57423269411401,39.98666441558321,6693300,0.0021577541506658804
2025-06-20,40.11135482788086,40.11135482788086,39.55505386175582,39.63178338932768,6190600,0.0004785002210292433
2025-06-23,39.852386474609375,40.1401286107575,39.10425618885629,40.12094897267543,8456300,-0.006456235506946295
2025-06-24,40.71561050415039,40.96498600947478,39.833197270797996,39.98665996457591,8191600,0.02166053543847335
2025-06-25,40.4278678894043,40.533370517209406,40.00584274282712,40.28399501510041,12470200,-0.007067132512154295
2025-06-26,40.437461853027344,40.65806426643001,40.07298655056923,40.65806426643001,5527300,0.00023731065039811483
2025-06-27,39.986663818359375,40.475828717372536,39.79483817677888,40.101763593915166,4379300,-0.011148029921027813
2025-06-30,40.52378463745117,40.83071005087382,39.65096480699811,39.87156721921817,8334500,0.013432498933436454
2025-07-01,41.11845397949219,41.11845397949219,40.322367296754265,40.55255953753933,4238200,0.01467457561926322
2025-07-02,39.84278869628906,41.36782573794562,39.603003020926955,41.36782573794562,10367900,-0.0310241548439385
2025-07-03,40.571739196777344,40.9458042986475,39.75646929059055,39.804425698218125,5225300,0.018295669664211367
2025-07-04,40.706016540527344,40.97457899555398,40.11134906660977,40.37990786279722,2710000,0.003309627499544554
2025-07-07,40.27440643310547,40.56214853170115,40.04421055892535,40.56214853170115,4649100,-0.010603103523828206
2025-07-08,39.32485580444336,39.96747974061447,38.91242409720179,39.804427216692666,13216400,-0.02357702354320934
2025-07-09,39.47831726074219,39.49750055568586,38.98915604561649,39.008335681720766,21627200,0.0039024035348524944
2025-07-10,39.133026123046875,39.286488827104336,38.26979978478847,38.91242371464175,14172500,-0.008746348924012382
2025-07-11,39.161800384521484,39.37280930229628,38.567129242943594,39.02751732559667,7406300,0.0007352935442337394
2025-07-14,38.94119644165039,39.30567173223309,38.75896062577876,39.19057562004255,4004400,-0.005633140987008511
2025-07-15,38.58631896972656,39.46873235271315,38.49040614191578,39.228946624346335,7307500,-0.009113163034309424
2025-07-16,39.3728141784668,39.49750377634825,38.48081101446807,38.6822337983811,16498800,0.020382747816843905
2025-07-17,40.0058479309082,40.20726705398295,38.73977964466742,39.0371152493299,6837400,0.016077940214586306
2025-07-18,38.68223571777344,40.379915466303515,38.2602104913385,39.660558276342,13833800,-0.033085468290053544
2025-07-21,38.17388153076172,38.94119501532611,37.77104332343015,38.46162363011845,7863800,-0.0131417995257741
2025-07-22,38.05878829956055,38.89324154842121,37.72308976807625,38.365713716586065,6280800,-0.003014973237878027
2025-07-23,38.73978042602539,38.73978042602539,37.7806375438407,38.077973154500256,6641600,0.01789316362635507
2025-07-24,37.847774505615234,38.50958538794097,37.81900139206697,38.19306650355223,4727100,-0.023025580181422645
2025-07-25,37.751861572265625,38.15469979606531,37.416159393593105,37.847774389692376,4980000,-0.0025341763050130695
2025-07-28,36.91740798950195,37.847774017683,36.53374940588707,37.751861201198984,9459000,-0.022103640668588942
2025-07-29,37.13801193237305,37.387387460861774,36.86944944918568,37.21474145696974,8888000,0.005975607576074404
2025-07-30,37.521663665771484,37.88613893826012,36.620070790498815,37.01331917489681,17070700,0.01033043271398193
2025-07-31,37.5312614440918,37.8861432807273,36.658441580686855,37.71349727180415,5961700,0.0002557929841759954
2025-08-01,37.47371292114258,38.442449301958455,37.320250203042214,38.317759700114465,4618300,-0.0015333490198550237
2025-08-04,37.56962203979492,38.03960362568782,37.3298363377523,37.95328062659889,3932900,0.0025593705874347172
2025-08-05,37.60799026489258,38.15470139660566,37.29147502703534,37.425754440601416,4681300,0.0010212566167691062
2025-08-06,38.19306564331055,38.70141015169062,37.627171250290715,37.9820530584708,13498200,0.015557209366865443
2025-08-07,38.64386749267578,39.13302875132497,38.15470257518688,38.653457311581185,5940600,0.011803238147346518
2025-08-08,39.094661712646484,39.65096633265476,38.63427357479809,38.94119900003035,11263900,0.011665349490605381
2025-08-11,38.96226119995117,39.672966660099135,38.82596203141236,39.14723811241473,5105400,-0.0033866647489747548
2025-08-12,44.07350540161133,44.28769194658534,40.90940354371811,41.16253005824498,40024200,0.1311844858138409
2025-08-13,43.12914276123047,43.94694156764919,42.89548808161036,43.81064238555844,15450400,-0.02142699183501595
2025-08-14,43.333587646484375,44.11244641233679,42.6618258605042,42.82733464810369,7705600,0.004740295590518473
2025-08-15,43.275177001953125,43.80090556887244,42.84680392644527,43.80090556887244,7071800,-0.0013479300400365268
2025-08-18,43.87879180908203,44.43372631340386,43.05125894161942,43.05125894161942,8717900,0.013948292045152355
2025-08-19,42.35028839111328,43.51857295157401,41.999802651587636,43.46989520194528,7315500,-0.03483467422301223
2025-08-20,41.882972717285156,42.29187024550617,41.600636587490264,42.16530884708005,5873700,-0.011034533449037487
2025-08-21,41.48381042480469,41.91217980654874,41.38645121494869,41.91217980654874,7563000,-0.009530419322784422
2025-08-22,42.15557098388672,42.340551620074756,41.39618773937499,41.62010834445219,19733400,0.016193318603161977
2025-08-25,42.10689163208008,42.57420466580015,41.85376513151774,42.3308122286205,4902900,-0.001154754891714016
2025-08-26,41.912174224853516,42.106888904760076,41.54221670441841,42.106888904760076,4472800,-0.004624359568689007
2025-08-27,42.866275787353516,42.866275787353516,41.688257256909246,41.86350011263018,5632600,0.0227643060792162
2025-08-28,43.3238525390625,44.21953489878372,42.93442316552143,43.12913785229196,8611700,0.010674516115626309
2025-08-29,43.674339294433594,44.131918262389505,43.19728848593979,43.50883050679841,10425500,0.008089925868321135
2025-09-01,43.245967864990234,44.24874726428945,42.973369514903524,43.77169643776373,2485800,-0.009808309326798548
2025-09-02,43.3238525390625,43.35305844222227,42.49631976262991,42.72024035256021,7235200,0.0018009696144485332
2025-09-03,43.12914276123047,43.35306337664731,42.72997927916146,43.14861460351117,7430000,-0.004494285859192093
2025-09-04,44.2000732421875,44.51161530107148,43.051260507349966,43.2849151945758,6909800,0.024830785227656138
2025-09-05,45.04707717895508,45.58253985099133,44.45319897921744,44.78421287511018,6882000,0.01916295324051953
2025-09-08,44.268218994140625,45.261260613366424,44.131919819440334,45.261260613366424,8082400,-0.017289871698453196
2025-09-09,44.35584259033203,44.423992181012565,43.83984805734123,44.15139010441628,5057000,0.0019793792969851065
2025-09-10,44.404518127441406,45.348881999661494,44.25848117532784,44.28769079407493,15471400,0.0010973872722683797
2025-09-11,45.14442825317383,45.84539966138922,44.638171537670914,44.696587059646816,7180900,0.016662946856193184
2025-09-12,44.34610366821289,45.07628101855846,44.34610366821289,44.60896796000218,6734700,-0.017683789912763204
2025-09-15,44.65764617919922,45.358617631378635,44.52134699991413,44.589496589556674,6509400,0.007025251041607117
2025-09-16,44.82315444946289,44.99839731044041,44.58949606353485,44.99839731044041,6169000,0.0037061574987524715
2025-09-17,45.46570587158203,46.049846207815946,44.73552859435279,44.73552859435279,8736400,0.01433525663267643
2025-09-18,45.51438903808594,45.738309650790235,45.25152474129199,45.50465497400059,5922200,0.0010707667586071778
2025-09-19,46.234832763671875,46.63399624457832,45.582539047727685,45.748047849694544,9928000,0.01582892225540089
2025-09-22,45.90381622314453,46.400335172627976,45.56306457471076,46.30297968100344,4744300,-0.007159462265589389
2025-09-23,46.54637145996094,46.633992886722694,45.82592820504498,45.90381556833272,4461500,0.01399786095545652
2025-09-24,46.56584548950195,46.682672826050855,46.13747239903253,46.51716402822202,7463600,0.00041837911162989627
2025-09-25,46.09852600097656,46.75081966220094,46.05958603366935,46.63399233253159,5263200,-0.010035670642568828
2025-09-26,46.770294189453125,46.8676496841244,46.19588785759481,46.380864783019874,3814800,0.014572443996633044
2025-09-29,47.55888366699219,47.802276119154634,46.46848652118918,46.877387772036606,6690500,0.016860904794498754
2025-09-30,46.984474182128906,48.191702298042955,46.906590533871714,47.89963211779928,7678700,-0.012077858868288494
2025-10-01,46.55610275268555,47.81200855690181,46.283504425149744,47.597822034481574,6326700,-0.00911729750944612
2025-10-02,45.99143600463867,46.76055327423518,45.58253478393182,46.53663268041606,4768900,-0.01212873747286125
2025-10-03,46.5366325378418,46.663197643134,45.816193014522085,45.89407666202003,4618000,0.011854305509141572
2025-10-06,46.37112808227539,46.7118760081228,45.640950772139064,46.643726422953314,4015200,-0.0035564338573880194
2025-10-07,44.82315444946289,46.2835091483595,44.46293094974575,46.069322604081634,16249000,-0.0333822724792453
2025-10-08,46.18614959716797,46.38086429834987,44.92050961029666,44.92050961029666,9710500,0.03040828260406858
2025-10-09,46.15694046020508,46.994211016954594,46.069319036501675,46.5853098017141,6340900,-0.0006324219970196276
2025-10-10,45.894081115722656,46.750823604583864,45.436502107943234,46.40033787214636,8014700,-0.005694903991937061
2025-10-13,46.05958557128906,46.47822085509833,45.981698209708824,46.47822085509833,3143100,0.0036062265883280986
2025-10-14,45.173641204833984,46.01090813170093,44.78421179066981,45.981702225494566,10120900,-0.019234744634943568
2025-10-15,46.17641830444336,47.0818385624814,44.62844209365647,44.8134190282492,24915000,0.022198279192558568
2025-10-16,44.56028747558594,46.20561900030354,44.43372236941571,45.76751187423263,13862700,-0.03499905120839375
2025-10-17,45.15416717529297,45.212578984876004,43.92746717981389,44.3363684162649,7795300,0.013327555394080592
2025-10-20,45.44623947143555,45.74804745247567,44.99839824579469,45.44623947143555,5951900,0.006468335358920996
2025-10-21,45.640953063964844,46.049850595514215,44.920509781016,45.17364000767669,5120200,0.004284481946007501
2025-10-22,46.04985046386719,46.371130278200965,45.74804620493136,46.09852821073999,6351400,0.008959002221738954
2025-10-23,46.03037643432617,46.439277659143826,45.71883441250027,46.147207477916275,6050900,-0.00042289017976937515
2025-10-24,46.390602111816406,46.85791516668894,46.17641556896373,46.390602111816406,4187800,0.007825825148403576
2025-10-27,46.49768829345703,47.130510098372426,46.41980464690328,47.120776035255865,5240600,0.002308359382413583
2025-10-28,46.68267059326172,46.83844160583456,46.273769364086824,46.49768996254317,4268400,0.003978311752559138
2025-10-29,48.2501220703125,48.26959391256066,46.877388759747646,46.877388759747646,11214000,0.03357673108952408
2025-10-30,47.821746826171875,48.775844770342815,47.539414410907554,47.78280685729425,12866200,-0.00887822094038182
2025-10-31,47.5296745300293,48.405888783797295,47.480996785680816,48.191702252015375,7662800,-0.006107520438436431
2025-11-03,47.21813201904297,48.09434626370875,46.98447364917416,48.09434626370875,5588700,-0.006554694810491424
2025-11-04,47.743865966796875,47.80227778046648,46.89685752984544,47.1110440836319,6048900,0.011134153878469277
2025-11-05,49.05818176269531,49.21395278256874,47.67571442555293,47.743864014630425,9600800,0.02752847448115059
2025-11-06,48.892677307128906,49.622854668519125,48.707696665363954,48.9218832131448,5821100,-0.0033736361524155933
2025-11-07,49.25289535522461,49.25289535522461,48.58113354352183,48.678489036044326,6100800,0.007367525526019492
2025-11-10,49.85650634765625,50.684042869148676,49.44760883251501,49.58390800422875,10668100,0.012255340281586369
2025-11-11,51.01505661010742,52.26122470715316,50.05122091926032,51.22923943061598,18905300,0.023237694482089122
2025-11-12,52.251487731933594,52.37805284181824,50.752193109863036,51.063735138906836,14058900,0.024236592174656124
2025-11-13,52.5727653503418,53.254264903213574,51.99835906184792,52.13465822964752,17188900,0.006148678867412549
2025-11-14,51.97888946533203,52.70906679338342,51.59919784896513,52.49488025538202,10473800,-0.011296264920671595
2025-11-17,51.5797233581543,52.222279225275464,51.24870950455408,52.193073322093426,14274000,-0.007679388907374851
2025-11-18,51.00532150268555,51.521312311026904,50.83007864063111,50.937171913428166,6671900,-0.011136194963285773
2025-11-19,50.742454528808594,50.87875370012249,50.226463747727756,50.684042720459146,7483600,-0.005153716634510586
2025-11-21,49.85650634765625,50.50880001583846,49.262628201868736,50.23619795853708,7939700,-0.017459702913057873
2025-11-24,49.8370361328125,50.304349185594724,49.50602225619084,49.9441294037598,9202500,-0.0003905250542022287
2025-11-25,50.40170669555664,50.576949548683174,49.223688182552415,49.94412772196248,5878200,0.011330339975261117
2025-11-26,51.277915954589844,51.48236842066577,50.28487809707267,50.67430376119001,7409000,0.017384515653920296
2025-11-27,51.268184661865234,51.67708590223992,51.053998121008306,51.17082916904336,2457800,-0.0001897755114156352
2025-11-28,52.5727653503418,52.845363685940995,51.6089296848144,51.6089296848144,6504800,0.025446204055805888
2025-12-01,52.251487731933594,52.825894044334454,52.008095289626006,52.621445284125826,3445200,-0.006111103653521521
2025-12-02,53.721580505371094,53.721580505371094,52.45594054008609,52.57276787325305,5700500,0.028134945764215047
2025-12-03,54.59779739379883,54.6562092062323,53.61448979392855,53.926031839820844,8799600,0.016310333392743903
2025-12-04,55.41558837890625,55.795283701002504,54.72435474784118,55.16246187804927,10489900,0.014978461112797659
2025-12-05,51.03452682495117,55.47400642311913,50.82034399567978,55.36691315154642,15402400,-0.07905828814808202
2025-12-08,51.54078674316406,51.83286067051673,50.29461851825658,51.77444514227135,10922400,0.009919949291376184
2025-12-09,50.820343017578125,51.2973901277446,49.86624508337121,51.14161911223886,15113500,-0.013978128218647967
2025-12-10,52.01782989501953,52.16386683704827,50.83007366054869,50.89822324312912,10755900,0.023563140394924353
2025-12-11,53.3321533203125,53.77026048019098,51.793914942585296,52.01783555455116,9599300,0.025266786944889708
2025-12-12,53.82867431640625,54.51990797258606,53.244530216947,53.3224175824245,7252300,0.009309974662220055
2025-12-15,54.96774673461914,55.49347528655836,54.21809758771481,54.325190853540256,6660700,0.021161071356084138
2025-12-16,52.09571838378906,54.13047941512104,52.09571838378906,54.13047941512104,10155500,-0.05224933750142702
2025-12-17,50.38223648071289,51.784175637094606,49.6423250766466,51.60893277831264,14692300,-0.03289103128308846
2025-12-18,51.36553955078125,51.63814161245072,50.08042774849675,50.382235714894605,9506600,0.01951686028159516
2025-12-19,51.36064910888672,52.30413119138545,50.977361270238625,51.340996590691624,7955000,-9.5208615295439e-05
2025-12-22,50.67269515991211,51.46875331106949,50.29923360498246,51.12477802958784,4724200,-0.013394572711028618
2025-12-23,51.95032501220703,52.28447405169232,50.82011403331719,50.82011403331719,3988600,0.02521337868970641
2025-12-26,51.54738235473633,51.94049645691702,51.13460823603947,51.54738235473633,2571800,-0.007756306767590426
2025-12-29,51.53755187988281,51.72428454459901,50.87908379644052,51.4982430943554,4830000,-0.00019070754720118543
2025-12-30,51.82176971435547,52.4032579853662,51.77248773369799,51.79219977402353,4172300,0.005514771736443214
